switch_ips,name
172.31.1.24,Lake-AV-1002
172.31.1.23,Lake-AV-1001
172.31.1.50,Lake-AV-1000-bmc
172.31.20.24,Lake-AV-1102
172.31.20.23,Lake-AV-1101
172.31.20.50,Lake-AV-1100-bmc
172.31.2.24,Lake-AV-1202
172.31.2.23,Lake-AV-1201
172.31.2.50,Lake-AV-1200-bmc
172.31.21.24,Lake-AV-1302
172.31.21.23,Lake-AV-1301
172.31.21.50,Lake-AV-1300-bmc
172.31.3.24,Lake-AV-1402
172.31.3.23,Lake-AV-1401
172.31.3.50,Lake-AV-1400-bmc
172.31.22.24,Lake-AV-1502
172.31.22.23,Lake-AV-1501
172.31.22.50,Lake-AV-1500-bmc
172.31.4.24,Lake-AV-1602
172.31.4.23,Lake-AV-1601
172.31.4.50,Lake-AV-1600-bmc
172.31.23.24,Lake-AV-1702
172.31.23.23,Lake-AV-1701
172.31.23.50,Lake-AV-1700-bmc
154.27.68.124,Lake-AV-1802
154.27.68.123,Lake-AV-1801
172.29.6.50,Lake-AV-1800-bmc
172.31.24.24,Lake-AV-1902
172.31.24.23,Lake-AV-1901
172.31.24.50,Lake-AV-1900-bmc
172.31.16.24,Lake-AV-2002
172.31.16.23,Lake-AV-2001
172.31.16.50,Lake-AV-2000-bmc
172.31.25.24,Lake-AV-2102
172.31.25.23,Lake-AV-2101
172.31.25.50,Lake-AV-2100-bmc
154.27.69.124,Lake-AV-2202
172.31.7.23,Lake-AV-2201
172.31.7.50,Lake-AV-2200-bmc
172.31.26.24,Lake-AV-2302
172.31.26.23,Lake-AV-2301
172.31.26.50,Lake-AV-2300-bmc
172.31.8.24,Lake-AV-2402
172.31.8.23,Lake-AV-2401
172.31.8.50,Lake-AV-2400-bmc
172.31.27.24,Lake-AV-2502
172.31.27.23,Lake-AV-2501
172.31.27.50,Lake-AV-2500-bmc
172.31.9.24,Lake-AV-2602
172.31.9.23,Lake-AV-2601
172.31.9.50,Lake-AV-2600-bmc
172.31.28.24,Lake-AV-2702
172.31.28.23,Lake-AV-2701
172.31.28.50,Lake-AV-2700-bmc
172.31.10.24,Lake-AV-2802
172.31.10.23,Lake-AV-2801
172.31.10.50,Lake-AV-2800-bmc
172.31.29.24,Lake-AV-2902
172.31.29.23,Lake-AV-2901
172.31.29.50,Lake-AV-2900-bmc
172.31.11.24,Lake-AV-3002
172.31.11.23,Lake-AV-3001
172.31.11.50,Lake-AV-3000-bmc
172.31.30.24,Lake-AV-3102
172.31.30.23,Lake-AV-3101
172.31.30.50,Lake-AV-3100-bmc
172.31.12.24,Lake-AV-3202
172.31.12.23,Lake-AV-3201
172.31.12.50,Lake-AV-3200-bmc
172.31.31.24,Lake-AV-3302
172.31.31.23,Lake-AV-3301
172.31.31.50,Lake-AV-3300-bmc
154.27.72.124,Lake-AV-3402
154.27.72.123,Lake-AV-3401
172.31.13.50,Lake-AV-3400-bmc
172.31.32.24,Lake-AV-3502
154.27.79.123,Lake-AV-3501
172.31.32.50,Lake-AV-3500-bmc
172.31.114.24,Lake-AV-3602
172.31.114.23,Lake-AV-3601
172.31.114.50,Lake-AV-3600-bmc
172.31.33.24,Lake-AV-3702
172.31.33.23,Lake-AV-3701
172.31.33.50,Lake-AV-3700-bmc
154.27.73.124,Lake-AV-3802
172.31.15.23,Lake-AV-3801
172.31.15.50,Lake-AV-3800-bmc
172.31.34.24,Lake-AV-3902
172.31.34.23,Lake-AV-3901
172.31.34.50,Lake-AV-3900-bmc
172.31.35.24,Lake-AV-4102
172.31.35.23,Lake-AV-4101
172.31.35.50,Lake-AV-4100-bmc
172.31.46.24,Lake-AV-4302
172.31.46.23,Lake-AV-4301
172.31.46.50,Lake-AV-4300-bmc
172.31.47.24,Lake-AV-4502
172.31.47.23,Lake-AV-4501
172.31.47.50,Lake-AV-4500-bmc
172.31.48.24,Lake-AV-4702
172.31.48.23,Lake-AV-4701
172.31.48.50,Lake-AV-4700-bmc
172.31.49.24,Lake-AV-4902
172.31.49.23,Lake-AV-4901
172.31.49.50,Lake-AV-4900-bmc
172.31.65.24,Lake-AV-5002
172.31.65.23,Lake-AV-5001
172.31.65.50,Lake-AV-5000-bmc
172.31.50.24,Lake-AV-5102
172.31.50.23,Lake-AV-5101
172.31.50.50,Lake-AV-5100-bmc
172.31.51.24,Lake-AV-5302
172.31.51.23,Lake-AV-5301
172.31.51.50,Lake-AV-5300-bmc
172.31.67.24,Lake-AV-5402
172.31.67.23,Lake-AV-5401
172.31.67.50,Lake-AV-5400-bmc
172.31.52.24,Lake-AV-5502
172.31.52.23,Lake-AV-5501
172.31.52.50,Lake-AV-5500-bmc
172.31.53.24,Lake-AV-5702
172.31.53.23,Lake-AV-5701
172.31.53.50,Lake-AV-5700-bmc
172.31.54.24,Lake-AV-5902
172.31.54.23,Lake-AV-5901
172.31.54.50,Lake-AV-5900-bmc
172.31.60.24,Lake-AV-6002
172.31.60.23,Lake-AV-6001
172.31.60.50,Lake-AV-6000-bmc
172.27.9.24,CS-D-Access-24702
172.27.9.23,CS-D-Access-24701
172.27.9.50,CS-D-Access-24700-bmc
172.26.4.24,CS-D-Access-24502
172.26.4.23,CS-D-Access-24501
172.26.4.50,CS-D-Access-24500-bmc
172.26.2.24,CS-D-Access-24102
172.26.2.23,CS-D-Access-24101
172.26.2.50,CS-D-Access-24100-bmc
172.26.3.24,CS-D-Access-21802
172.26.3.23,CS-D-Access-21801
172.26.3.50,CS-D-Access-21800-bmc
172.26.1.24,CS-D-Access-23902
172.26.1.23,CS-D-Access-23901
172.26.1.50,CS-D-Access-23900-bmc
172.28.3.24,CS-D-Access-24202
172.28.3.23,CS-D-Access-24201
172.28.3.50,CS-D-Access-24200-bmc
dsw24602.cloudsouth.com,CS-D-Access-24602
dsw24601.cloudsouth.com,CS-D-Access-24601
dsw24402.cloudsouth.com,CS-D-Access-24402
dsw24401.cloudsouth.com,CS-D-Access-24401
dsw24302.cloudsouth.com,CS-D-Access-24302
dsw24301.cloudsouth.com,CS-D-Access-24301
dsw23902.cloudsouth.com,CS-D-Access-23902
dsw23901.cloudsouth.com,CS-D-Access-23901
dsw23802.cloudsouth.com,CS-D-Access-23802
dsw23801.cloudsouth.com,CS-D-Access-23801
dsw23602.cloudsouth.com,CS-D-Access-23602
dsw23601.cloudsouth.com,CS-D-Access-23601
dsw23502.cloudsouth.com,CS-D-Access-23502
dsw23501.cloudsouth.com,CS-D-Access-23501
dsw23302.cloudsouth.com,CS-D-Access-23302
dsw23301.cloudsouth.com,CS-D-Access-23301
dsw23202.cloudsouth.com,CS-D-Access-23202
dsw23201.cloudsouth.com,CS-D-Access-23201
dsw22502.cloudsouth.com,CS-D-Access-22502
dsw22501.cloudsouth.com,CS-D-Access-22501
dsw22402.cloudsouth.com,CS-D-Access-22402
dsw22401.cloudsouth.com,CS-D-Access-22401
dsw22302.cloudsouth.com,CS-D-Access-22302
dsw22301.cloudsouth.com,CS-D-Access-22301
dsw22202.cloudsouth.com,CS-D-Access-22202
dsw22201.cloudsouth.com,CS-D-Access-22201
dsw22102.cloudsouth.com,CS-D-Access-22102
dsw22101.cloudsouth.com,CS-D-Access-22101
dsw22002.cloudsouth.com,CS-D-Access-22002
dsw22001.cloudsouth.com,CS-D-Access-22001
dsw21902.cloudsouth.com,CS-D-Access-21902
dsw21901.cloudsouth.com,CS-D-Access-21901
dsw21802.cloudsouth.com,CS-D-Access-21802
dsw21801.cloudsouth.com,CS-D-Access-21801
dsw21702.cloudsouth.com,CS-D-Access-21702
dsw21701.cloudsouth.com,CS-D-Access-21701
dsw21602.cloudsouth.com,CS-D-Access-21602
dsw21601.cloudsouth.com,CS-D-Access-21601
dsw21502.cloudsouth.com,CS-D-Access-21502
dsw21501.cloudsouth.com,CS-D-Access-21501
dsw21402.cloudsouth.com,CS-D-Access-21402
dsw21401.cloudsouth.com,CS-D-Access-21401
dsw21302.cloudsouth.com,CS-D-Access-21302
dsw21301.cloudsouth.com,CS-D-Access-21301
dsw21202.cloudsouth.com,CS-D-Access-21202
dsw21201.cloudsouth.com,CS-D-Access-21201
dsw21102.cloudsouth.com,CS-D-Access-21102
dsw21101.cloudsouth.com,CS-D-Access-21101
192.227.84.3,CS-D-Access-21002
192.227.84.2,CS-D-Access-21001
dsw20902.cloudsouth.com,CS-D-Access-20902
dsw20901.cloudsouth.com,CS-D-Access-20901
dsw20802.cloudsouth.com,CS-D-Access-20802
dsw20801.cloudsouth.com,CS-D-Access-20801
dsw20702.cloudsouth.com,CS-D-Access-20702
dsw20701.cloudsouth.com,CS-D-Access-20701
dsw20602.cloudsouth.com,CS-D-Access-20602
dsw20601.cloudsouth.com,CS-D-Access-20601
dsw20502.cloudsouth.com,CS-D-Access-20502
dsw20501.cloudsouth.com,CS-D-Access-20501
dsw20402.cloudsouth.com,CS-D-Access-20402
dsw20401.cloudsouth.com,CS-D-Access-20401
dsw20302.cloudsouth.com,CS-D-Access-20302
dsw20301.cloudsouth.com,CS-D-Access-20301
dsw20202.cloudsouth.com,CS-D-Access-20202
dsw20201.cloudsouth.com,CS-D-Access-20201
dsw20102.cloudsouth.com,CS-D-Access-20102
dsw20101.cloudsouth.com,CS-D-Access-20101
dsw3902.cloudsouth.com,CS-D-Access-3902
dsw3901.cloudsouth.com,CS-D-Access-3901
dsw3802.cloudsouth.com,CS-D-Access-3802
dsw3801.cloudsouth.com,CS-D-Access-3801
dsw3702.cloudsouth.com,CS-D-Access-3702
dsw3701.cloudsouth.com,CS-D-Access-3701
dsw3502.cloudsouth.com,CS-D-Access-3502
dsw3501.cloudsouth.com,CS-D-Access-3501
dsw3402.cloudsouth.com,CS-D-Access-3402
dsw3401.cloudsouth.com,CS-D-Access-3401
dsw3302.cloudsouth.com,CS-D-Access-3302
dsw3301.cloudsouth.com,CS-D-Access-3301
dsw3202.cloudsouth.com,CS-D-Access-3202
dsw3201.cloudsouth.com,CS-D-Access-3201
dsw3102.cloudsouth.com,CS-D-Access-3102
dsw3101.cloudsouth.com,CS-D-Access-3101
dsw3002.cloudsouth.com,CS-D-Access-3002
dsw3001.cloudsouth.com,CS-D-Access-3001
dsw2902.cloudsouth.com,CS-D-Access-2902
dsw2901.cloudsouth.com,CS-D-Access-2901
dsw2802.cloudsouth.com,CS-D-Access-2802
dsw2801.cloudsouth.com,CS-D-Access-2801
dsw2702.cloudsouth.com,CS-D-Access-2702
dsw2701.cloudsouth.com,CS-D-Access-2701
dsw2602.cloudsouth.com,CS-D-Access-2602
dsw2601.cloudsouth.com,CS-D-Access-2601
dsw2502.cloudsouth.com,CS-D-Access-2502
dsw2501.cloudsouth.com,CS-D-Access-2501
dsw2402.cloudsouth.com,CS-D-Access-2402
dsw2401.cloudsouth.com,CS-D-Access-2401
dsw2302.cloudsouth.com,CS-D-Access-2302
dsw2301.cloudsouth.com,CS-D-Access-2301
dsw2202.cloudsouth.com,CS-D-Access-2202
dsw2201.cloudsouth.com,CS-D-Access-2201
dsw2102.cloudsouth.com,CS-D-Access-2102
dsw2101.cloudsouth.com,CS-D-Access-2101
dsw2002.cloudsouth.com,CS-D-Access-2002
dsw2001.cloudsouth.com,CS-D-Access-2001
dsw1902.cloudsouth.com,CS-D-Access-1902
dsw1901.cloudsouth.com,CS-D-Access-1901
dsw1802.cloudsouth.com,CS-D-Access-1802
dsw1801.cloudsouth.com,CS-D-Access-1801
dsw1702.cloudsouth.com,CS-D-Access-1702
dsw1701.cloudsouth.com,CS-D-Access-1701
dsw1602.cloudsouth.com,CS-D-Access-1602
dsw1601.cloudsouth.com,CS-D-Access-1601
dsw1502.cloudsouth.com,CS-D-Access-1502
dsw1501.cloudsouth.com,CS-D-Access-1501
dsw1402.cloudsouth.com,CS-D-Access-1402
dsw1401.cloudsouth.com,CS-D-Access-1401
dsw1202.cloudsouth.com,CS-D-Access-1202
dsw1201.cloudsouth.com,CS-D-Access-1201
dsw1102.cloudsouth.com,CS-D-Access-1102
dsw1101.cloudsouth.com,CS-D-Access-1101
172.22.1.24,CS-D-Access-1002
172.22.1.23,CS-D-Access-1001
172.22.0.24,CS-D-Access-0902
172.22.0.23,CS-D-Access-0901
dsw0802.cloudsouth.com,CS-D-Access-0802
dsw0801.cloudsouth.com,CS-D-Access-0801
dsw0702.cloudsouth.com,CS-D-Access-0702
dsw0701.cloudsouth.com,CS-D-Access-0701
dsw0602.cloudsouth.com,CS-D-Access-0602
dsw0601.cloudsouth.com,CS-D-Access-0601
dsw0502.cloudsouth.com,CS-D-Access-0502
dsw0501.cloudsouth.com,CS-D-Access-0501
dsw0402.cloudsouth.com,CS-D-Access-0402
dsw0401.cloudsouth.com,CS-D-Access-0401
dsw0302.cloudsouth.com,CS-D-Access-0302
dsw0301.cloudsouth.com,CS-D-Access-0301
dsw0202.cloudsouth.com,CS-D-Access-0202
dsw0201.cloudsouth.com,CS-D-Access-0201
dsw0102.cloudsouth.com,CS-D-Access-0102
dsw0101.cloudsouth.com,CS-D-Access-0101
dsw0002.cloudsouth.com,CS-D-Access-0002
dsw0001.cloudsouth.com,CS-D-Access-0001
38.130.200.161,Shared-Colo-Cabinet
dsw-cs-02-01-01-01-07-1.cloudsouth.com,CS-02-01-01-01-07-1
dsw-cs-02-01-01-01-07-2.cloudsouth.com,CS-02-01-01-01-07-2
dsw-cs-02-01-01-01-08-1.cloudsouth.com,CS-02-01-01-01-08-1
dsw-cs-02-01-01-01-08-2.cloudsouth.com,CS-02-01-01-01-08-2
dsw-cs-02-01-01-01-09-1.cloudsouth.com,CS-02-01-01-01-09-1
dsw-cs-02-01-01-01-09-2.cloudsouth.com,CS-02-01-01-01-09-2
192.227.105.131,CS-02-01-01-01-10-1
192.227.105.129,CS-02-01-01-01-10-2
dsw-cs-02-01-01-02-04-1.cloudsouth.com,CS-02-01-01-02-4-1
dsw-cs-02-01-01-02-04-2.cloudsouth.com,CS-02-01-01-02-4-2
dsw-cs-02-01-01-02-05-1.cloudsouth.com,CS-02-01-01-02-5-1
dsw-cs-02-01-01-02-05-2.cloudsouth.com,CS-02-01-01-02-5-2
dsw-cs-02-01-01-02-06-1.cloudsouth.com,CS-02-01-01-02-6-1
dsw-cs-02-01-01-02-06-2.cloudsouth.com,CS-02-01-01-02-6-2
172.31.66.24,Lake-AV-5202
172.31.66.23,Lake-AV-5201
172.31.66.50,Lake-AV-5200-bmc
172.31.64.24,Lake-AV-4802
172.31.64.23,Lake-AV-4801
172.31.64.50,Lake-AV-4800-bmc
172.31.63.24,Lake-AV-4602
172.31.63.23,Lake-AV-4601
172.31.63.50,Lake-AV-4600-bmc
172.31.69.24,Lake-AV-5802
172.31.69.23,Lake-AV-5801
172.31.69.50,Lake-AV-5800-bmc
172.31.68.24,Lake-AV-5602
172.31.68.23,Lake-AV-5601
172.31.68.50,Lake-AV-5600-bmc
172.20.1.11,CS-Dist-A
172.20.2.12,CS-Dist-B
172.20.1.13,CS-Access-SW01
172.20.1.14,CS-Access-SW02
172.20.1.15,CS-Access-SW03
172.20.2.16,CS-Access-SW04
172.20.1.17,CS-Access-SW05
172.20.1.18,CS-Access-SW06
172.20.1.19,CS-Access-SW07
172.20.1.20,CS-Access-SW08
172.20.1.31,CS-Access-SW09
172.20.1.32,CS-Access-SW10
172.20.1.51,CS-Access-513-SW01
172.20.1.52,CS-Access-513-SW02
172.20.4.80,CS-Lake-AV-3800-Distro-D-North
172.20.4.90,CS-Lake-AV-3800-Distro-C-North
172.31.51.34,CS-Lake-AV-3900-Distro-D-North
172.31.53.34,CS-Lake-AV-3900-Distro-C-North
172.31.2.34,CS-Lake-AV-3800-Distro-D-South
172.31.1.33,CS-Lake-AV-3800-Distro-C-South
172.31.22.34,CS-Lake-AV-3900-Distro-D-South
172.31.22.33,CS-Lake-AV-3900-Distro-C-South
